teacher id, Full Name, date of birth, employment status, address, email
TID-4021, Aris Thorne, 1982-05-14, Full-Time, 742 Evergreen Terrace, athorne@edu.com 
TID-1185, Maria Gonzales, 1990-11-22, Full-Time, 123 Maple Street, mgonzales@edu.com 
TID-9930, Samuel Beck, 1988-03-30, Part-Time, 456 Oak Lane, sbeck@edu.com 
TID-2247, Linda Chen, 1975-07-08, Full-Time, 890 Cedar Court, lchen@edu.com 
TID-5502, Robert O'Shea, 1993-01-12, Contract, 221B Baker Street, roshea@edu.com 
TID-3391, Sarah Al-Farsi, 1985-09-25, Full-Time, 101 Pine Way, salfarsi@edu.com 
TID-7728, Marcus Aurelius, 1970-04-12, Full-Time, 12 Caesar Blvd, maurelius@edu.com 
TID-6614, Elena Vance, 1992-06-30, Full-Time, 17 Black Mesa Rd, evance@edu.com 
TID-8843, 炭治郎 竈門, 1981-12-04, Part-Time, 55 Starlight Dr, jmoon@edu.com 
